[{"code": "GC8553", "img_url": "https://somicongso.com/wp-content/uploads/2019/07/9073791026_1032103206-680x680.jpg", "name": "S\u01a1 mi nam d\u00e0i tay k\u1ebb caro h\u1ecda ti\u1ebft", "price": "280000", "id": 1}, {"code": "PL-01", "img_url": "https://somicongso.com/wp-content/uploads/2019/06/PL-01-X-680x680.jpg", "name": "\u00c1o polo nam xanh \u0111en", "price": "340000", "id": 2}, {"code": "PL-02", "img_url": "https://somicongso.com/wp-content/uploads/2019/06/PL-02-X-680x680.jpg", "name": "\u00c1o polo nam s\u1ecdc xanh \u0111en", "price": "340000", "id": 3}, {"code": "PL-05", "img_url": "https://somicongso.com/wp-content/uploads/2019/06/PL-05-D-680x680.jpg", "name": "\u00c1o polo nam s\u1ecdc tr\u1eafng n\u00e2u", "price": "340000", "id": 4}, {"code": "GC8561", "img_url": "https://somicongso.com/wp-content/uploads/2019/06/9095827936_1032103206-680x680.jpg", "name": "S\u01a1 mi nam d\u00e0i tay h\u1ecda ti\u1ebft ch\u00ecm", "price": "280000", "id": 5}, {"code": "326", "img_url": "https://somicongso.com/wp-content/uploads/2018/05/3988431779_1398178657-1-680x680.jpg", "name": "\u00c1o s\u01a1 mi nam d\u00e0i tay s\u1ecdc caro nh\u1ecf xanh d\u01b0\u01a1ng", "price": "280000", "id": 6}]