Product,Brand,Code,CPU type,CPU,Ram,Disk Size,Disk Type,Screen size,Weight(kg),Price(VND)
Acer Swift 1 SF114-32-C7U5 NX.GZJSV.003,ACER,ACER_0001,celeron,Celeron N4000,4 GB,64 Gb,eMMC,14.0,1.4,8590000
Acer Aspire A315 54K 36QU NX.HEESV.007,ACER,ACER_0002,i3,Core i3 7020U,4 GB,256 GB,SSD,15.6,2.0,9390000
Acer Swift 1 SF114-32-P2SG NX.GZJSV.001,ACER,ACER_0003,pentium,Pentium N5000,4 GB,64 Gb,eMMC,14.0,1.4,9690000
Acer Aspire A315 54 3501 NX.HEFSV.003,ACER,ACER_0004,i3,Core i3 8145U,4 GB,256 GB,SSD,15.6,2.0,10690000
Acer Aspire A515-53-330E NX.H6CSV.001,ACER,ACER_0005,i3,Core i3 8145U,4 GB,1TB,HDD,15.6,2.0,10690000
Acer Aspire A514-51-35NN NX.H6USV.001,ACER,ACER_0006,i3,Core i3 8145U,4 GB,1TB,HDD,14.0,2.0,10690000
Acer Spin 3 SP314-51-36JE NX.GUWSV.001,ACER,ACER_0007,i3,Core i3 7130U,4 GB,1TB,HDD,14.0,2.0,10690000
Acer Aspire A315 54 57PJ NX.HEFSV.004,ACER,ACER_0008,i5,Core i5-8265U,4 GB,256 GB,SSD,15.6,1.7,12290000
Acer Swift 3 SF315-52-38YQ NX.GZBSV.003,ACER,ACER_0009,i3,Core i3 8130U,4 GB,1TB,HDD,15.6,1.3,12590000
Acer Aspire A514-51-525E NX.H6VSV.002,ACER,ACER_0010,i5,Core i5 8265U,4 GB,1TB,HDD,14.0,2.0,12590000
Acer Swift 3 SF315-52-50T9 NX.GZBSV.002,ACER,ACER_0011,i5,Core i5 8250U,8 GB,256 GB,SSD,15.6,1.3,17690000
Acer Swift 5 SF514-53T-58PN NX.H7HSV.001,ACER,ACER_0012,i5,Core i5 8265U,8 GB,256 GB,SSD,14.0,0.94,21690000
Asus X407MA-BV043T,ASUS,ASUS_0001,celeron,Celeron N4000,4 GB,1TB,HDD,14.0,1.55,6390000
Asus X507MA-BR059T,ASUS,ASUS_0002,pentium,Pentium N5000,4 GB,1TB,HDD,15.6,1.75,7490000
Asus X505ZA-EJ493T,ASUS,ASUS_0003,amd,Ryzen 3 2200U,4 GB,1TB,HDD,15.6,1.6,9290000
Asus A411UA-BV870T,ASUS,ASUS_0004,i3,Core i3 7020U,4 GB,1TB,HDD,14.0,1.42,9690000
Asus A412DA-EK163T,ASUS,ASUS_0005,amd,Ryzen 3 3200U,4 GB,256 GB,SSD,14.0,1.5,11290000
Asus A512FA-EJ570T,ASUS,ASUS_0006,i3,Core i3 8145U,4 GB,256 GB,SSD,15.6,1.7,12390000
Asus A512FA-EJ571T,ASUS,ASUS_0007,i3,Core i3 8145U,4 GB,256 GB,SSD,15.6,1.7,12390000
Asus TP412FA-EC121T,ASUS,ASUS_0008,i3,Core i3 8145U,4 GB,256 GB,SSD,14.0,1.5,13990000
Asus S430UA-EB097T,ASUS,ASUS_0009,i7,Core i7 8550U,8 GB,256 GB,SSD,14.0,1.54,18990000
Asus S430UA-EB138T,ASUS,ASUS_0010,i7,Core i7 8550U,8 GB,256 GB,SSD,14.0,1.54,20390000
Asus UX333FA-A4016T,ASUS,ASUS_0011,i5,Core i5 8265U,8 GB,256 GB,SSD,13.3,1.23,20990000
Asus UX333FA-A4017T,ASUS,ASUS_0012,i5,Core i5 8265U,8 GB,256 GB,SSD,13.3,1.23,20990000
Lenovo Ideapad 130 15AST 81H50020VN,LENOVO,LENOVO_0001,amd,AMD A4-9125,4 GB,500 GB,HDD,15.6,2.0,5990000 
Lenovo Ideapad S145 15IWL 81MV00F4VN,LENOVO,LENOVO_0002,celeron,Celeron 4205U,4 GB,256 GB,SSD,15.6,1.7,6990000
Lenovo Ideapad 320 14ISK 80XG009XVN,LENOVO,LENOVO_0003,i3,Core i3 6006U,4 GB,1TB,HDD,14.0,2.0,7890000
Lenovo Ideapad 330 15IKB 81DC00ENVN,LENOVO,LENOVO_0004,i3,Core i3 7130U,4 GB,500 GB,HDD,15.6,2.1,8690000
Lenovo Ideapad 330 14IKB 81DA0013VN,LENOVO,LENOVO_0005,i3,Core i3 7020U,4 GB,1TB,HDD,14.0,1.9,8990000
Lenovo Ideapad 330-14IKBR-81G2007AVN,LENOVO,LENOVO_0006,i5,Core i5 8250U,4 GB,1TB,HDD,14.0,2.0,9890000
Lenovo Ideapad 330-15IKBR 81DE01JSVN,LENOVO,LENOVO_0007,i5,Core i5 8250U,4 GB,500 GB,HDD,15.6,2.0,10990000
Lenovo IdeaPad S340-15IWL,LENOVO,LENOVO_0008,i5,Core i5-8265U,4 GB,1TB,HDD,15.6,1.8,13990000
Lenovo Ideapad S540 14IWL 81ND006LVN,LENOVO,LENOVO_0009,i5,Core i5 8265U,8 GB,512 GB,SSD,14.0,1.2,18190000
Lenovo Thinkpad E490S 20NGS01N00,LENOVO,LENOVO_0010,i7,Core i7 8565U,8 GB,256 GB,SSD,14.0,1.6,20990000
Lenovo Thinkpad L380 20M5S01E00,LENOVO,LENOVO_0011,i7,Core i7 8550U,8 GB,256 GB,SSD,13.3,1.4,23190000
Lenovo Yoga S730 13IWL 81J0008TVN,LENOVO,LENOVO_0012,i7,Core i7 8565U,8 GB,512 GB,SSD,13.3,1.1,26690000